2025-07-21 21:04:11.185157,jothi,Submitted survey
2025-07-21 21:12:50.792549,rolet14,Deleted survey
2025-07-21 21:13:14.379974,rolet14,Submitted survey
2025-07-21 21:31:29.291807,rolet,Edited survey
2025-07-21 21:31:32.946577,rolet,Deleted survey
2025-07-21 21:43:40.069350,rolet14,Edited survey
2025-07-21 21:46:39.887288,jothi,Deleted survey
2025-07-21 21:56:44.129003,rolet,Submitted survey
2025-07-21 21:57:20.409446,rolet,Deleted survey
2025-07-21 22:01:59.272980,rolet,Submitted survey
2025-07-21 22:02:10.997217,rolet,Edited survey
2025-07-21 22:04:27.460868,rolet14,Edited survey
2025-07-21 22:06:28.847289,ravi,Submitted survey
2025-07-21 22:06:55.155388,ravi,Edited survey
2025-07-21 22:07:02.848760,ravi,Deleted survey
2025-07-21 22:07:33.774034,ravi,Submitted survey
2025-07-21 22:15:22.386741,rolet14,Deleted survey
2025-07-21 22:18:57.105690,rolet14,Submitted survey
2025-07-21 22:19:15.232564,rolet14,Edited survey
2025-07-21 22:19:20.689965,rolet14,Deleted survey
2025-07-21 22:21:08.943295,rolet14,Submitted survey
2025-07-21 22:21:25.201684,rolet14,Edited survey
2025-07-21 22:21:30.318247,rolet14,Deleted survey
2025-07-22 16:43:56.176600,sesha ,Submitted survey
